 Data Dictionary,,,,,,,,,,,,,
Table name, Field name,Description English,Data type,Character max length,Field name change,Source table ,,,,,,,
Form 1,EMPLOYERNAME,Legal name of employer,Text,varchar(100),[LEGALNAME],[WEIT_EMPLOYER],,,,,,,
,CALENDARYEAR,Calendar year,Numeric,char(4),N/A,[WEIT_FORM1],,,,,,,
,GEOGRAPHY,"Location type identification (national, province/territory or census metropolitan area (CMA))",Text,varchar(100),[TITLEEN]/[TITLEFR],[WEIT_SYSLOCATIONTYPE],,,,,,,
,LOCATION,"Location identification name (national, province/territory or census metropolitan area (CMA))",Text,char(2),LOCATIONID,[WEIT_FORM1SUMMARY],,,,,,,
,NAICSID,North American Industry Classification System (NAICS) 4-digit code,Numeric,char(4),N/A,[WEIT_FORM1SUMMARY],,,,,,,
,NAICSCLASSTITLE,North American Industry Classification System (NAICS) classification title,Text,varchar(255),TITLEEN,[WEIT_CTNAICSSECTOR],,,,,,,
,PEAKEMPLOYEECOUNT,"Sum of permanent full-time, permanent part-time and temporary employees at peak date",Numeric,int(4),ALLCOUNT,[WEIT_FORM2OCCGROUP],,,,,,,
,PERMFULLTIMECOUNT,Number of permanent full-time employees,Numeric,int(4),N/A,[WEIT_FORM1],,,,,,,
,PERMPARTTIMECOUNT,Number of permanent part-time employees,Numeric,int(4),N/A,[WEIT_FORM1],,,,,,,
,TEMPCOUNT,Number of temporary employees,Numeric,int(4),N/A,[WEIT_FORM1],,,,,,,
,CANADACOUNT ,"Sum of permanent full-time, permanent part-time and temporary employees at the national level",Numeric,int(4),N/A,[WEIT_FORM1],,,,,,,
Form 2,EMPLOYERNAME,Legal name of employer,Text,varchar(100),[LEGALNAME],[WEIT_EMPLOYER],,,,,,,
,CALENDARYEAR,Calendar year,Numeric,char(4),N/A,[WEIT_FORM2],,,,,,,
,EMPLOYMENTSTATUS,Employment status identification,Text,int(4),TITLEEN,[WEIT_SYSEMPLOYMENTSTATUS],,,,,,,
,GEOGRAPHY,"Location type identification (national, province/territory or census metropolitan area (CMA))",Text,varchar(100),[TITLEEN]/[TITLEFR],[WEIT_SYSLOCATIONTYPE],,,,,,,
,LOCATION,"Location identification name (national, province/territory or census metropolitan area (CMA))",Text,varchar(4),LOCATIONID,[WEIT_FORM2],,,,,,,
,NAICSID,North American Industry Classification System (NAICS) 4-digit code,Numeric,char(4),N/A,[WEIT_FORM2],,,,,,,
,NAICSCLASSTITLE,North American Industry Classification System (NAICS) classification title,Text,varchar(255),TITLEEN,[WEIT_CTNAICSSECTOR],,,,,,,
,OCCGROUP,Occupational group name,Text,char(2),N/A,[WEIT_FORM2OCCGROUP],,,,,,,
,QUARTERID,Salary range quarter identification ,Numeric,int(4),N/A,[WEIT_FORM2OCCGROUP],,,,,,,
,ALLCOUNT,Number of all employees,Numeric,int(4),N/A,[WEIT_FORM2OCCGROUP],,,,,,,
,ALLMENCOUNT,Number of all men,Numeric,int(4),N/A,[WEIT_FORM2OCCGROUP],,,,,,,
,ALLWOMENCOUNT,Number of all women,Numeric,int(4),N/A,[WEIT_FORM2OCCGROUP],,,,,,,
,ABORIGALLCOUNT,Number of all Aboriginal peoples,Numeric,int(4),N/A,[WEIT_FORM2OCCGROUP],,,,,,,
,ABORIGMENCOUNT,Number of Aboriginal men,Numeric,int(4),N/A,[WEIT_FORM2OCCGROUP],,,,,,,
,ABORIGWOMENCOUNT,Number of Aboriginal women,Numeric,int(4),N/A,[WEIT_FORM2OCCGROUP],,,,,,,
,PWDALLCOUNT,Number of all persons with disabilities,Numeric,int(4),N/A,[WEIT_FORM2OCCGROUP],,,,,,,
,PWDMENCOUNT,Number of men with disabilities,Numeric,int(4),N/A,[WEIT_FORM2OCCGROUP],,,,,,,
,PWDWOMENCOUNT,Number of women with disabilities,Numeric,int(4),N/A,[WEIT_FORM2OCCGROUP],,,,,,,
,VISMINALLCOUNT,Number of all members of visible minorities,Numeric,int(4),N/A,[WEIT_FORM2OCCGROUP],,,,,,,
,VISMINMENCOUNT,Number of visible minority men,Numeric,int(4),N/A,[WEIT_FORM2OCCGROUP],,,,,,,
,VISMINWOMENCOUNT,Number of visible minority women,Numeric,int(4),N/A,[WEIT_FORM2OCCGROUP],,,,,,,
,SALARYRANGEBOTTOM($),Bottom salary range identification in dollars ($),Numeric,"numeric(12, 2)9",N/A,[WEIT_FORM2OCCGROUP],,,,,,,
,SALARYRANGETOP($),Top salary range identification in dollars ($),Numeric,"numeric(12, 2)9",N/A,[WEIT_FORM2OCCGROUP],,,,,,,
Form 3,EMPLOYERNAME,Legal name of employer,Text,varchar(100),[LEGALNAME],[WEIT_EMPLOYER],,,,,,,
,CALENDARYEAR,Calendar year,Numeric,char(4),N/A,[WEIT_FORM3],,,,,,,
,EMPLOYMENTSTATUS,Employment status identification,Text,int(4),TITLEEN,[WEIT_SYSEMPLOYMENTSTATUS],,,,,,,
,GEOGRAPHY,"Location type identification (national, province/territory or census metropolitan area (CMA))",Text,varchar(100),[TITLEEN]/[TITLEFR],[WEIT_SYSLOCATIONTYPE],,,,,,,
,LOCATION,"Location identification name (national, province/territory or census metropolitan area (CMA))",Text,varchar(4),LOCATIONID,[WEIT_FORM3],,,,,,,
,NAICSID,North American Industry Classification System (NAICS) 4-digit code,Numeric,char(4),N/A,[WEIT_FORM3],,,,,,,
,NAICSCLASSTITLE,North American Industry Classification System (NAICS) classification title,Text,varchar(255),TITLEEN,[WEIT_CTNAICSSECTOR],,,,,,,
,SALARYRANGE($),Salary range identification in dollars ($),Numeric,int(4),TITLEEN,[WEIT_SYSSALARYRANGE],,,,,,,
,ALLCOUNT,Number of all employees,Numeric,int(4),N/A,[WEIT_FORM3SALARY],,,,,,,
,ALLMENCOUNT,Number of all men,Numeric,int(4),N/A,[WEIT_FORM3SALARY],,,,,,,
,ALLWOMENCOUNT,Number of all women,Numeric,int(4),N/A,[WEIT_FORM3SALARY],,,,,,,
,ABORIGALLCOUNT,Number of all Aboriginal peoples,Numeric,int(4),N/A,[WEIT_FORM3SALARY],,,,,,,
,ABORIGMENCOUNT,Number of Aboriginal men,Numeric,int(4),N/A,[WEIT_FORM3SALARY],,,,,,,
,ABORIGWOMENCOUNT,Number of Aboriginal women,Numeric,int(4),N/A,[WEIT_FORM3SALARY],,,,,,,
,PWDALLCOUNT,Number of all persons with disabilities,Numeric,int(4),N/A,[WEIT_FORM3SALARY],,,,,,,
,PWDMENCOUNT,Number of men with disabilities,Numeric,int(4),N/A,[WEIT_FORM3SALARY],,,,,,,
,PWDWOMENCOUNT,Number of women with disabilities,Numeric,int(4),N/A,[WEIT_FORM3SALARY],,,,,,,
,VISMINALLCOUNT,Number of all members of visible minorities,Numeric,int(4),N/A,[WEIT_FORM3SALARY],,,,,,,
,VISMINMENCOUNT,Number of visible minority men,Numeric,int(4),N/A,[WEIT_FORM3SALARY],,,,,,,
,VISMINWOMENCOUNT,Number of visible minority women,Numeric,int(4),N/A,[WEIT_FORM3SALARY],,,,,,,
Form 4,EMPLOYERNAME,Legal name of employer,Text,varchar(100),[LEGALNAME],[WEIT_EMPLOYER],,,,,,,
,CALENDARYEAR,Calendar year,Numeric,char(4),N/A,[WEIT_FORM4],,,,,,,
,GEOGRAPHY,Location type identification (national or province/territory),Text,varchar(100),[TITLEEN]/[TITLEFR],[WEIT_SYSLOCATIONTYPE],,,,,,,
,LOCATION,Location identification name (national or province/territory),Text,varchar(4),LOCATIONID,[WEIT_FORM4],,,,,,,
,NAICSID,North American Industry Classification System (NAICS) 4-digit code,Numeric,char(4),N/A,[WEIT_FORM4],,,,,,,
,NAICSCLASSTITLE,North American Industry Classification System (NAICS) classification title,Text,varchar(255),TITLEEN,[WEIT_CTNAICSSECTOR],,,,,,,
,OCCGROUP,Occupational group name,Text ,varchar(100),TITLEEN,[WEIT_CTOCCGROUP],,,,,,,
,EMPLOYMENTSTATUS,Employment status identification,Text,int(4),TITLEEN,[WEIT_SYSEMPLOYMENTSTATUS],,,,,,,
,ALLCOUNT,Number of all hired employees,Numeric,int(4),N/A,[WEIT_FORM4HIRE],,,,,,,
,ALLMENCOUNT,Number of all hired men,Numeric,int(4),N/A,[WEIT_FORM4HIRE],,,,,,,
,ALLWOMENCOUNT,Number of all hired women,Numeric,int(4),N/A,[WEIT_FORM4HIRE],,,,,,,
,ABORIGALLCOUNT,Number of all hired Aboriginal peoples,Numeric,int(4),N/A,[WEIT_FORM4HIRE],,,,,,,
,ABORIGMENCOUNT,Number of hired Aboriginal men,Numeric,int(4),N/A,[WEIT_FORM4HIRE],,,,,,,
,ABORIGWOMENCOUNT,Number of hired Aboriginal women,Numeric,int(4),N/A,[WEIT_FORM4HIRE],,,,,,,
,PWDALLCOUNT,Number of all hired persons with disabilities,Numeric,int(4),N/A,[WEIT_FORM4HIRE],,,,,,,
,PWDMENCOUNT,Number of hired men with disabilities,Numeric,int(4),N/A,[WEIT_FORM4HIRE],,,,,,,
,PWDWOMENCOUNT,Number of hired women with disabilities,Numeric,int(4),N/A,[WEIT_FORM4HIRE],,,,,,,
,VISMINALLCOUNT,Number of all hired members of visible minorities,Numeric,int(4),N/A,[WEIT_FORM4HIRE],,,,,,,
,VISMINMENCOUNT,Number of hired visible minority men,Numeric,int(4),N/A,[WEIT_FORM4HIRE],,,,,,,
,VISMINWOMENCOUNT,Number of hired visible minority women,Numeric,int(4),N/A,[WEIT_FORM4HIRE],,,,,,,
Form 5,EMPLOYERNAME,Legal name of employer,Text,varchar(100),[LEGALNAME],[WEIT_EMPLOYER],,,,,,,
,CALENDARYEAR,Calendar year,Numeric,char(4),N/A,[WEIT_FORM5],,,,,,,
,GEOGRAPHY,Location type identification (national or province/territory),Text,varchar(100),[TITLEEN]/[TITLEFR],[WEIT_SYSLOCATIONTYPE],,,,,,,
,LOCATION,Location identification name (national or province/territory),Text,varchar(4),LOCATIONID,[WEIT_FORM5],,,,,,,
,NAICSID,North American Industry Classification System (NAICS) 4-digit code,Numeric,char(4),N/A,[WEIT_FORM5],,,,,,,
,NAICSCLASSTITLE,North American Industry Classification System (NAICS) classification title,Text,varchar(255),TITLEEN,[WEIT_CTNAICSSECTOR],,,,,,,
,OCCGROUP,Occupational group name,Text ,varchar(100),TITLEEN,[WEIT_CTOCCGROUP],,,,,,,
,EMPLOYMENTSTATUS,Employment status identification,Text,int(4),TITLEEN,[WEIT_SYSEMPLOYMENTSTATUS],,,,,,,
,TOTALPROMOTIONS,Number of promotions received by all employees,Numeric,int(4),ALLCOUNTPROMOTION,[WEIT_FORM5],,,,,,,
,TOTALMENPROMOTIONS,Number of promotions received by all men,Numeric,int(4),ALLMENCOUNTPROMOTION,[WEIT_FORM5],,,,,,,
,TOTALWOMENPROMOTIONS,Number of promotions received by all women,Numeric,int(4),ALLWOMENCOUNTPROMOTION,[WEIT_FORM5],,,,,,,
,TOTALABORIGALLPROMOTIONS,Number of promotions received by all Aboriginal peoples,Numeric,int(4),ABORIGALLCOUNTPROMOTION,[WEIT_FORM5],,,,,,,
,TOTALABORIGMENPROMOTIONS,Number of promotions received by Aboriginal men,Numeric,int(4),ABORIGMENCOUNTPROMOTION,[WEIT_FORM5],,,,,,,
,TOTALABORIGWOMENPROMOTIONS,Number of promotions received by Aboriginal women,Numeric,int(4),ABORIGWOMENCOUNTPROMOTION,[WEIT_FORM5],,,,,,,
,TOTALPWDALLPROMOTIONS,Number of promotions received by all persons with disabilities,Numeric,int(4),PWDALLCOUNTPROMOTION,[WEIT_FORM5],,,,,,,
,TOTALPWDMENPROMOTIONS,Number of promotions received by men with disabilities,Numeric,int(4),PWDMENCOUNTPROMOTION,[WEIT_FORM5],,,,,,,
,TOTALPWDWOMENPROMOTIONS,Number of promotions received by women with disabilities,Numeric,int(4),PWDWOMENCOUNTPROMOTION,[WEIT_FORM5],,,,,,,
,TOTALVISMINALLPROMOTIONS,Number of promotions received by all members of visible minorities,Numeric,int(4),VISMINALLCOUNTPROMOTION,[WEIT_FORM5],,,,,,,
,TOTALVISMINMENPROMOTIONS,Number of promotions received by visible minority men,Numeric,int(4),VISMINMENCOUNTPROMOTION,[WEIT_FORM5],,,,,,,
,TOTALVISMINWOMENPROMOTIONS,Number of promotions received by visible minority women,Numeric,int(4),VISMINWOMENCOUNTPROMOTION,[WEIT_FORM5],,,,,,,
,ALLCOUNT,Number of all promoted employees,Numeric,int(4),N/A,[WEIT_FORM5PROMOTION],,,,,,,
,ALLMENCOUNT,Number of all promoted men,Numeric,int(4),N/A,[WEIT_FORM5PROMOTION],,,,,,,
,ALLWOMENCOUNT,Number of all promoted women,Numeric,int(4),N/A,[WEIT_FORM5PROMOTION],,,,,,,
,ABORIGALLCOUNT,Number of all promoted Aboriginal peoples,Numeric,int(4),N/A,[WEIT_FORM5PROMOTION],,,,,,,
,ABORIGMENCOUNT,Number of promoted Aboriginal men,Numeric,int(4),N/A,[WEIT_FORM5PROMOTION],,,,,,,
,ABORIGWOMENCOUNT,Number of promoted Aboriginal women,Numeric,int(4),N/A,[WEIT_FORM5PROMOTION],,,,,,,
,PWDALLCOUNT,Number of all promoted persons with disabilities,Numeric,int(4),N/A,[WEIT_FORM5PROMOTION],,,,,,,
,PWDMENCOUNT,Number of promoted men with disabilities,Numeric,int(4),N/A,[WEIT_FORM5PROMOTION],,,,,,,
,PWDWOMENCOUNT,Number of promoted women with disabilities,Numeric,int(4),N/A,[WEIT_FORM5PROMOTION],,,,,,,
,VISMINALLCOUNT,Number of all promoted members of visible minorities,Numeric,int(4),N/A,[WEIT_FORM5PROMOTION],,,,,,,
,VISMINMENCOUNT,Number of promoted visible minority men,Numeric,int(4),N/A,[WEIT_FORM5PROMOTION],,,,,,,
,VISMINWOMENCOUNT,Number of promoted visible minority women,Numeric,int(4),N/A,[WEIT_FORM5PROMOTION],,,,,,,
Form 6,EMPLOYERNAME,Legal name of employer,Text,varchar(100),[LEGALNAME],[WEIT_EMPLOYER],,,,,,,
,CALENDARYEAR,Calendar year,Numeric,char(4),N/A,[WEIT_FORM6],,,,,,,
,GEOGRAPHY,Location type identification (national or province/territory),Text,varchar(100),[TITLEEN]/[TITLEFR],[WEIT_SYSLOCATIONTYPE],,,,,,,
,LOCATION,Location identification name (national or province/territory),Text,varchar(4),LOCATIONID,[WEIT_FORM6],,,,,,,
,NAICSID,North American Industry Classification System (NAICS) 4-digit code,Numeric,char(4),N/A,[WEIT_FORM6],,,,,,,
,NAICSCLASSTITLE,North American Industry Classification System (NAICS) classification title,Text,varchar(255),TITLEEN,[WEIT_CTNAICSSECTOR],,,,,,,
,OCCGROUP,Occupational group name,Text ,varchar(100),TITLEEN,[WEIT_CTOCCGROUP],,,,,,,
,EMPLOYMENTSTATUS,Employment status identification,Text,int(4),TITLEEN,[WEIT_SYSEMPLOYMENTSTATUS],,,,,,,
,ALLCOUNT,Number of all terminated employees,Numeric,int(4),N/A,[WEIT_FORM6TERMINATION],,,,,,,
,ALLMENCOUNT,Number of all terminated men,Numeric,int(4),N/A,[WEIT_FORM6TERMINATION],,,,,,,
,ALLWOMENCOUNT,Number of all terminated women,Numeric,int(4),N/A,[WEIT_FORM6TERMINATION],,,,,,,
,ABORIGALLCOUNT,Number of all terminated Aboriginal peoples,Numeric,int(4),N/A,[WEIT_FORM6TERMINATION],,,,,,,
,ABORIGMENCOUNT,Number of terminated Aboriginal men,Numeric,int(4),N/A,[WEIT_FORM6TERMINATION],,,,,,,
,ABORIGWOMENCOUNT,Number of terminated Aboriginal women,Numeric,int(4),N/A,[WEIT_FORM6TERMINATION],,,,,,,
,PWDALLCOUNT,Number of all terminated persons with disabilities,Numeric,int(4),N/A,[WEIT_FORM6TERMINATION],,,,,,,
,PWDMENCOUNT,Number of terminated men with disabilities,Numeric,int(4),N/A,[WEIT_FORM6TERMINATION],,,,,,,
,PWDWOMENCOUNT,Number of terminated women with disabilities,Numeric,int(4),N/A,[WEIT_FORM6TERMINATION],,,,,,,
,VISMINALLCOUNT,Number of all terminated members of visible minorities,Numeric,int(4),N/A,[WEIT_FORM6TERMINATION],,,,,,,
,VISMINMENCOUNT,Number of terminated visible minority men,Numeric,int(4),N/A,[WEIT_FORM6TERMINATION],,,,,,,
,VISMINWOMENCOUNT,Number of terminated visible minority women,Numeric,int(4),N/A,[WEIT_FORM6TERMINATION],,,,,,,
,,,,,,,,,,,,,
,,,,,,,,,,,,,
Definitions of some codes used in the data:,,,,,,,,,,,,,
,,,,,,,,,,,,,
Geographical Area Codes,,,,,,,,,,,,,
,,,,,,,,,,,,,
Province/Territory ,,Census Metropolitan Area (CMA),,,,,,,,,,,
Name,Code,Code,Name,,,,,,,,,,
Ontario,10,6,Toronto,,,,,,,,,,
,10,57,Kingston,,,,,,,,,,
,10,58,Ottawa-Gatineau,,,,,,,,,,
,10,59,Oshawa,,,,,,,,,,
,10,60,Peterborough,,,,,,,,,,
,10,61,Hamilton,,,,,,,,,,
,10,62,St. Catharines-Niagara,,,,,,,,,,
,10,63,Kitchener-Cambridge-Waterloo,,,,,,,,,,
,10,64,London,,,,,,,,,,
,10,65,Windsor,,,,,,,,,,
,10,66,Greater Sudbury,,,,,,,,,,
,10,67,Thunder bay,,,,,,,,,,
,10,68,Brantford,,,,,,,,,,
,10,69,Guelph,,,,,,,,,,
,10,71,Barrie,,,,,,,,,,
,10,75,Belleville,,,,,,,,,,
,10,93,Ontario less CMAs,,,,,,,,,,
Quebec,11,4,Montréal,,,,,,,,,,
,11,53,Saguenay,,,,,,,,,,
,11,54,Québec,,,,,,,,,,
,11,55,Sherbrooke,,,,,,,,,,
,11,56,Trois-Rivières,,,,,,,,,,
,11,58,Ottawa-Gatineau,,,,,,,,,,
,11,95,Québec less CMAs,,,,,,,,,,
Nova Scotia,12,3,Halifax,,,,,,,,,,
,12,89,Nova Scotia less CMA,,,,,,,,,,
New Brunswick,13,51,Moncton,,,,,,,,,,
,13,52,Saint John,,,,,,,,,,
,13,88,New Brunswick less CMA,,,,,,,,,,
Manitoba,14,8,Winnipeg,,,,,,,,,,
,14,87,Manitoba less CMA,,,,,,,,,,
British Columbia,15,7,Vancouver,,,,,,,,,,
,15,72,Abbotsford-Mission,,,,,,,,,,
,15,73,Kelowna,,,,,,,,,,
,15,74,Victoria,,,,,,,,,,
,15,86,British Columbia less CMAs,,,,,,,,,,
Saskatchewan,17,5,Regina,,,,,,,,,,
,17,70,Saskatoon,,,,,,,,,,
,17,96,Sasakatchewan less CMA,,,,,,,,,,
Alberta,18,1,Calgary,,,,,,,,,,
,18,2,Edmonton,,,,,,,,,,
,18,76,Lethbridge,,,,,,,,,,
,18,85,Alberta less CMAs,,,,,,,,,,
Newfoundland,19,50,St. John's,,,,,,,,,,
,19,91,Newfoundland less CMA,,,,,,,,,,
Prince Edward Island,16,94,,,,,,,,,,,
Yukon,20,97,,,,,,,,,,,
Northwest Territories,21,90,,,,,,,,,,,
Nunavut,22,92,,,,,,,,,,,
Outside of Canada,98,98,Outside of Canada,,,,,,,,,,
Canada,99,99,Canada,,,,,,,,,,
"Note: For more information on the CMAs and their census subdivision components, please see Appendix E of the 2016 Employment Equity Data Report.",,,,,,,,,,,,,
,,,,,,,,,,,,,
,,,,,,,,,,,,,
Employment Status Codes,,,,,,,,,,,,,
,,,,,,,,,,,,,
Employment Status Code,Employment Status Title,,,,,,,,,,,,
1,Permanent full-time,,,,,,,,,,,,
2,Permanent part-time,,,,,,,,,,,,
3,Temporary,,,,,,,,,,,,
4,Other,,,,,,,,,,,,
5,Casual,,,,,,,,,,,,
,,,,,,,,,,,,,
,,,,,,,,,,,,,
Employment Equity Occupational Groups (EEOG),,,,,,,,,,,,,
,,,,,,,,,,,,,
0.       Overall,,,,,,,,,,,,,
1.       Senior Managers,,,,,,,,,,,,,
2.       Middle and Other Managers,,,,,,,,,,,,,
3.       Professionals,,,,,,,,,,,,,
4.       Semi-professionals and Technicians,,,,,,,,,,,,,
5.       Supervisors,,,,,,,,,,,,,
6.       Supervisors: Crafts and Trades,,,,,,,,,,,,,
7.       Administrative and Senior Clerical Personnel,,,,,,,,,,,,,
8.       Skilled Sales and Service Personnel,,,,,,,,,,,,,
9.       Skilled Crafts and Trades Workers,,,,,,,,,,,,,
10.   Clerical Personnel,,,,,,,,,,,,,
11.   Intermediate Sales and Service Personnel,,,,,,,,,,,,,
12.   Semi-skilled Manual Workers,,,,,,,,,,,,,
13.   Other Sales and Service Personnel,,,,,,,,,,,,,
14.   Other Manual Workers,,,,,,,,,,,,,
,,,,,,,,,,,,,
,,,,,,,,,,,,,
Salary Ranges,,,,,,,,,,,,,
,,,,,,,,,,,,,
Salary Range Code,Salary Range,,,,,,,,,,,,
0,Total,,,,,,,,,,,,
1,"Under $5,000",,,,,,,,,,,,
2,"Under $15,000",,,,,,,,,,,,
3,"$  5,000 - $ 7,499",,,,,,,,,,,,
4,"$  5,000 - $ 9,999",,,,,,,,,,,,
5,"$  7,500 - $ 9,999",,,,,,,,,,,,
6,"$ 10,000 - $12,499",,,,,,,,,,,,
7,"$ 10,000 - $14,999",,,,,,,,,,,,
8,"$ 12,500 - $14,999",,,,,,,,,,,,
9,"$ 15,000 - $17,499",,,,,,,,,,,,
10,"$ 15,000 - $19,999",,,,,,,,,,,,
11,"$ 17,500 - $19,999",,,,,,,,,,,,
12,"$ 20,000 - $22,499",,,,,,,,,,,,
13,"$ 20,000 - $24,999",,,,,,,,,,,,
14,"$ 22,500 - $24,999",,,,,,,,,,,,
15,"$ 25,000 - $29,999",,,,,,,,,,,,
16,"$ 30,000 - $34,999",,,,,,,,,,,,
17,"$ 35,000 - $37,499",,,,,,,,,,,,
18,"$ 35,000 - $39,999",,,,,,,,,,,,
19,"$ 37,500 - $39,999",,,,,,,,,,,,
20,"$ 40,000 - $44,999",,,,,,,,,,,,
21,"$ 40,000 - $49,999",,,,,,,,,,,,
22,"$ 45,000 - $49,999",,,,,,,,,,,,
23,"$ 50,000 - $54,999",,,,,,,,,,,,
24,"$ 50,000 - $59,999",,,,,,,,,,,,
25,"$ 50,000 and over",,,,,,,,,,,,
26,"$ 55,000 - $59,999",,,,,,,,,,,,
27,"$ 60,000 - $64,999",,,,,,,,,,,,
28,"$ 60,000 - $69,999",,,,,,,,,,,,
29,"$ 65,000 - $69,999",,,,,,,,,,,,
30,"$ 70,000 - $74,999",,,,,,,,,,,,
31,"$ 70,000 - $84,999",,,,,,,,,,,,
32,"$ 75,000 - $79,999",,,,,,,,,,,,
33,"$ 80,000 - $84,999",,,,,,,,,,,,
34,"$ 85,000 - $89,999",,,,,,,,,,,,
35,"$ 85,000 - $99,999",,,,,,,,,,,,
36,"$ 90,000 - $94,999",,,,,,,,,,,,
37,"$ 95,000 - $99,999",,,,,,,,,,,,
38,"$100,000 and over",,,,,,,,,,,,
,,,,,,,,,,,,,
,,,,,,,,,,,,,
Salary Range Quarters,,,,,,,,,,,,,
,,,,,,,,,,,,,
Salary Range Quarter ID,Salary Range Quarter,,,,,,,,,,,,
0,0,,,,,,,,,,,,
1,1,,,,,,,,,,,,
2,2,,,,,,,,,,,,
3,3,,,,,,,,,,,,
4,4,,,,,,,,,,,,
,,,,,,,,,,,,,
,,,,,,,,,,,,,
External Definitions (Other source datasets),,,,,,,,,,,,,
,,,,,,,,,,,,,
North American Industry Classification System (NAICS) 2012:   ,,,,,,,,,,,,,
https://www23.statcan.gc.ca/imdb/p3VD.pl?Function=getVD&TVD=118464,,,,,,,,,,,,,
,,,,,,,,,,,,,
NAICS Code,Industry Group,,,,,,,,,,,,
1111,Oilseed and grain farming,,,,,,,,,,,,
1112,Vegetable and melon farming,,,,,,,,,,,,
1113,Fruit and tree nut farming,,,,,,,,,,,,
1114,"Greenhouse, nursery and floriculture production",,,,,,,,,,,,
1119,Other crop farming,,,,,,,,,,,,
1121,Cattle ranching and farming,,,,,,,,,,,,
1122,Hog and pig farming,,,,,,,,,,,,
1123,Poultry and egg production,,,,,,,,,,,,
1124,Sheep and goat farming,,,,,,,,,,,,
1125,Aquaculture,,,,,,,,,,,,
1129,Other animal production,,,,,,,,,,,,
1131,Timber tract operations,,,,,,,,,,,,
1132,Forest nurseries and gathering of forest products,,,,,,,,,,,,
1133,Logging,,,,,,,,,,,,
1141,Fishing,,,,,,,,,,,,
1142,Hunting and trapping,,,,,,,,,,,,
1151,Support activities for crop production,,,,,,,,,,,,
1152,Support activities for animal production,,,,,,,,,,,,
1153,Support activities for forestry,,,,,,,,,,,,
2111,Oil and gas extraction,,,,,,,,,,,,
2121,Coal mining,,,,,,,,,,,,
2122,Metal ore mining,,,,,,,,,,,,
2123,Non-metallic mineral mining and quarrying,,,,,,,,,,,,
2131,"Support activities for mining, and oil and gas extraction",,,,,,,,,,,,
2211,"Electric power generation, transmission and distribution",,,,,,,,,,,,
2212,Natural gas distribution,,,,,,,,,,,,
2213,"Water, sewage and other systems",,,,,,,,,,,,
2361,Residential building construction,,,,,,,,,,,,
2362,Non-residential building construction,,,,,,,,,,,,
2371,Utility system construction,,,,,,,,,,,,
2372,Land subdivision,,,,,,,,,,,,
2373,"Highway, street and bridge construction",,,,,,,,,,,,
2379,Other heavy and civil engineering construction,,,,,,,,,,,,
2381,"Foundation, structure, and building exterior contractors",,,,,,,,,,,,
2382,Building equipment contractors,,,,,,,,,,,,
2383,Building finishing contractors,,,,,,,,,,,,
2389,Other specialty trade contractors,,,,,,,,,,,,
3111,Animal food manufacturing,,,,,,,,,,,,
3112,Grain and oilseed milling,,,,,,,,,,,,
3113,Sugar and confectionery product manufacturing,,,,,,,,,,,,
3114,Fruit and vegetable preserving and specialty food manufacturing,,,,,,,,,,,,
3115,Dairy product manufacturing,,,,,,,,,,,,
3116,Meat product manufacturing,,,,,,,,,,,,
3117,Seafood product preparation and packaging,,,,,,,,,,,,
3118,Bakeries and tortilla manufacturing,,,,,,,,,,,,
3119,Other food manufacturing,,,,,,,,,,,,
3121,Beverage manufacturing,,,,,,,,,,,,
3122,Tobacco manufacturing,,,,,,,,,,,,
3131,"Fibre, yarn and thread mills",,,,,,,,,,,,
3132,Fabric mills,,,,,,,,,,,,
3133,Textile and fabric finishing and fabric coating,,,,,,,,,,,,
3141,Textile furnishings mills,,,,,,,,,,,,
3149,Other textile product mills,,,,,,,,,,,,
3151,Clothing knitting mills,,,,,,,,,,,,
3152,Cut and sew clothing manufacturing,,,,,,,,,,,,
3159,Clothing accessories and other clothing manufacturing,,,,,,,,,,,,
3161,Leather and hide tanning and finishing,,,,,,,,,,,,
3162,Footwear manufacturing,,,,,,,,,,,,
3169,Other leather and allied product manufacturing,,,,,,,,,,,,
3211,Sawmills and wood preservation,,,,,,,,,,,,
3212,"Veneer, plywood and engineered wood product manufacturing",,,,,,,,,,,,
3219,Other wood product manufacturing,,,,,,,,,,,,
3221,"Pulp, paper and paperboard mills",,,,,,,,,,,,
3222,Converted paper product manufacturing,,,,,,,,,,,,
3231,Printing and related support activities,,,,,,,,,,,,
3241,Petroleum and coal product manufacturing,,,,,,,,,,,,
3251,Basic chemical manufacturing,,,,,,,,,,,,
3252,"Resin, synthetic rubber, and artificial and synthetic fibres and filaments manufacturing",,,,,,,,,,,,
3253,"Pesticide, fertilizer and other agricultural chemical manufacturing",,,,,,,,,,,,
3254,Pharmaceutical and medicine manufacturing,,,,,,,,,,,,
3255,"Paint, coating and adhesive manufacturing",,,,,,,,,,,,
3256,"Soap, cleaning compound and toilet preparation manufacturing",,,,,,,,,,,,
3259,Other chemical product manufacturing,,,,,,,,,,,,
3261,Plastic product manufacturing,,,,,,,,,,,,
3262,Rubber product manufacturing,,,,,,,,,,,,
3271,Clay product and refractory manufacturing,,,,,,,,,,,,
3272,Glass and glass product manufacturing,,,,,,,,,,,,
3273,Cement and concrete product manufacturing,,,,,,,,,,,,
3274,Lime and gypsum product manufacturing,,,,,,,,,,,,
3279,Other non-metallic mineral product manufacturing,,,,,,,,,,,,
3311,Iron and steel mills and ferro-alloy manufacturing,,,,,,,,,,,,
3312,Steel product manufacturing from purchased steel,,,,,,,,,,,,
3313,Alumina and aluminum production and processing,,,,,,,,,,,,
3314,Non-ferrous metal (except aluminum) production and processing,,,,,,,,,,,,
3315,Foundries,,,,,,,,,,,,
3321,Forging and stamping,,,,,,,,,,,,
3322,Cutlery and hand tool manufacturing,,,,,,,,,,,,
3323,Architectural and structural metals manufacturing,,,,,,,,,,,,
3324,"Boiler, tank and shipping container manufacturing",,,,,,,,,,,,
3325,Hardware manufacturing,,,,,,,,,,,,
3326,Spring and wire product manufacturing,,,,,,,,,,,,
3327,"Machine shops, turned product, and screw, nut and bolt manufacturing",,,,,,,,,,,,
3328,"Coating, engraving, cold and heat treating and allied activities",,,,,,,,,,,,
3329,Other fabricated metal product manufacturing,,,,,,,,,,,,
3331,"Agricultural, construction and mining machinery manufacturing",,,,,,,,,,,,
3332,Industrial machinery manufacturing,,,,,,,,,,,,
3333,Commercial and service industry machinery manufacturing,,,,,,,,,,,,
3334,"Ventilation, heating, air-conditioning and commercial refrigeration equipment manufacturing",,,,,,,,,,,,
3335,Metalworking machinery manufacturing,,,,,,,,,,,,
3336,"Engine, turbine and power transmission equipment manufacturing",,,,,,,,,,,,
3339,Other general-purpose machinery manufacturing,,,,,,,,,,,,
3341,Computer and peripheral equipment manufacturing,,,,,,,,,,,,
3342,Communications equipment manufacturing,,,,,,,,,,,,
3343,Audio and video equipment manufacturing,,,,,,,,,,,,
3344,Semiconductor and other electronic component manufacturing,,,,,,,,,,,,
3345,"Navigational, measuring, medical and control instruments manufacturing",,,,,,,,,,,,
3346,Manufacturing and reproducing magnetic and optical media,,,,,,,,,,,,
3351,Electric lighting equipment manufacturing,,,,,,,,,,,,
3352,Household appliance manufacturing,,,,,,,,,,,,
3353,Electrical equipment manufacturing,,,,,,,,,,,,
3359,Other electrical equipment and component manufacturing,,,,,,,,,,,,
3361,Motor vehicle manufacturing,,,,,,,,,,,,
3362,Motor vehicle body and trailer manufacturing,,,,,,,,,,,,
3363,Motor vehicle parts manufacturing,,,,,,,,,,,,
3364,Aerospace product and parts manufacturing,,,,,,,,,,,,
3365,Railroad rolling stock manufacturing,,,,,,,,,,,,
3366,Ship and boat building,,,,,,,,,,,,
3369,Other transportation equipment manufacturing,,,,,,,,,,,,
3371,Household and institutional furniture and kitchen cabinet manufacturing,,,,,,,,,,,,
3372,Office furniture (including fixtures) manufacturing,,,,,,,,,,,,
3379,Other furniture-related product manufacturing,,,,,,,,,,,,
3391,Medical equipment and supplies manufacturing,,,,,,,,,,,,
3399,Other miscellaneous manufacturing,,,,,,,,,,,,
4111,Farm product merchant wholesalers,,,,,,,,,,,,
4121,Petroleum and petroleum products merchant wholesalers,,,,,,,,,,,,
4131,Food merchant wholesalers,,,,,,,,,,,,
4132,Beverage merchant wholesalers,,,,,,,,,,,,
4133,Cigarette and tobacco product merchant wholesalers,,,,,,,,,,,,
4141,"Textile, clothing and footwear merchant wholesalers",,,,,,,,,,,,
4142,Home entertainment equipment and household appliance merchant wholesalers,,,,,,,,,,,,
4143,Home furnishings merchant wholesalers,,,,,,,,,,,,
4144,Personal goods merchant wholesalers,,,,,,,,,,,,
4145,"Pharmaceuticals, toiletries, cosmetics and sundries merchant wholesalers",,,,,,,,,,,,
4151,Motor vehicle merchant wholesalers,,,,,,,,,,,,
4152,New motor vehicle parts and accessories merchant wholesalers,,,,,,,,,,,,
4153,Used motor vehicle parts and accessories merchant wholesalers,,,,,,,,,,,,
4161,"Electrical, plumbing, heating and air-conditioning equipment and supplies merchant wholesalers",,,,,,,,,,,,
4162,Metal service centres,,,,,,,,,,,,
4163,"Lumber, millwork, hardware and other building supplies merchant wholesalers",,,,,,,,,,,,
4171,"Farm, lawn and garden machinery and equipment merchant wholesalers",,,,,,,,,,,,
4172,"Construction, forestry, mining, and industrial machinery, equipment and supplies merchant wholesalers",,,,,,,,,,,,
4173,Computer and communications equipment and supplies merchant wholesalers,,,,,,,,,,,,
4179,"Other machinery, equipment and supplies merchant wholesalers",,,,,,,,,,,,
4181,Recyclable material merchant wholesalers,,,,,,,,,,,,
4182,"Paper, paper product and disposable plastic product merchant wholesalers",,,,,,,,,,,,
4183,Agricultural supplies merchant wholesalers,,,,,,,,,,,,
4184,Chemical (except agricultural) and allied product merchant wholesalers,,,,,,,,,,,,
4189,Other miscellaneous merchant wholesalers,,,,,,,,,,,,
4191,"Business-to-business electronic markets, and agents and brokers",,,,,,,,,,,,
4411,Automobile dealers,,,,,,,,,,,,
4412,Other motor vehicle dealers,,,,,,,,,,,,
4413,"Automotive parts, accessories and tire stores",,,,,,,,,,,,
4421,Furniture stores,,,,,,,,,,,,
4422,Home furnishings stores,,,,,,,,,,,,
4431,Electronics and appliance stores,,,,,,,,,,,,
4441,Building material and supplies dealers,,,,,,,,,,,,
4442,Lawn and garden equipment and supplies stores,,,,,,,,,,,,
4451,Grocery stores,,,,,,,,,,,,
4452,Specialty food stores,,,,,,,,,,,,
4453,"Beer, wine and liquor stores",,,,,,,,,,,,
4461,Health and personal care stores,,,,,,,,,,,,
4471,Gasoline stations,,,,,,,,,,,,
4481,Clothing stores,,,,,,,,,,,,
4482,Shoe stores,,,,,,,,,,,,
4483,"Jewellery, luggage and leather goods stores",,,,,,,,,,,,
4511,"Sporting goods, hobby and musical instrument stores",,,,,,,,,,,,
4513,Book stores and news dealers,,,,,,,,,,,,
4521,Department stores,,,,,,,,,,,,
4529,Other general merchandise stores,,,,,,,,,,,,
4531,Florists,,,,,,,,,,,,
4532,"Office supplies, stationery and gift stores",,,,,,,,,,,,
4533,Used merchandise stores,,,,,,,,,,,,
4539,Other miscellaneous store retailers,,,,,,,,,,,,
4541,Electronic shopping and mail-order houses,,,,,,,,,,,,
4542,Vending machine operators,,,,,,,,,,,,
4543,Direct selling establishments,,,,,,,,,,,,
4811,Scheduled air transportation,,,,,,,,,,,,
4812,Non-scheduled air transportation,,,,,,,,,,,,
4821,Rail transportation,,,,,,,,,,,,
4831,"Deep sea, coastal and Great Lakes water transportation",,,,,,,,,,,,
4832,Inland water transportation,,,,,,,,,,,,
4841,General freight trucking,,,,,,,,,,,,
4842,Specialized freight trucking,,,,,,,,,,,,
4851,Urban transit systems,,,,,,,,,,,,
4852,Interurban and rural bus transportation,,,,,,,,,,,,
4853,Taxi and limousine service,,,,,,,,,,,,
4854,School and employee bus transportation,,,,,,,,,,,,
4855,Charter bus industry,,,,,,,,,,,,
4859,Other transit and ground passenger transportation,,,,,,,,,,,,
4861,Pipeline transportation of crude oil,,,,,,,,,,,,
4862,Pipeline transportation of natural gas,,,,,,,,,,,,
4869,Other pipeline transportation,,,,,,,,,,,,
4871,"Scenic and sightseeing transportation, land",,,,,,,,,,,,
4872,"Scenic and sightseeing transportation, water",,,,,,,,,,,,
4879,"Scenic and sightseeing transportation, other",,,,,,,,,,,,
4881,Support activities for air transportation,,,,,,,,,,,,
4882,Support activities for rail transportation,,,,,,,,,,,,
4883,Support activities for water transportation,,,,,,,,,,,,
4884,Support activities for road transportation,,,,,,,,,,,,
4885,Freight transportation arrangement,,,,,,,,,,,,
4889,Other support activities for transportation,,,,,,,,,,,,
4911,Postal service,,,,,,,,,,,,
4921,Couriers,,,,,,,,,,,,
4922,Local messengers and local delivery,,,,,,,,,,,,
4931,Warehousing and storage,,,,,,,,,,,,
5111,"Newspaper, periodical, book and directory publishers",,,,,,,,,,,,
5112,Software publishers,,,,,,,,,,,,
5121,Motion picture and video industries,,,,,,,,,,,,
5122,Sound recording industries,,,,,,,,,,,,
5151,Radio and television broadcasting,,,,,,,,,,,,
5152,Pay and specialty television,,,,,,,,,,,,
5171,Wired telecommunications carriers,,,,,,,,,,,,
5172,Wireless telecommunications carriers (except satellite),,,,,,,,,,,,
5174,Satellite telecommunications,,,,,,,,,,,,
5179,Other telecommunications,,,,,,,,,,,,
5182,"Data processing, hosting, and related services",,,,,,,,,,,,
5191,Other information services,,,,,,,,,,,,
5211,Monetary authorities - central bank,,,,,,,,,,,,
5221,Depository credit intermediation,,,,,,,,,,,,
5222,Non-depository credit intermediation,,,,,,,,,,,,
5223,Activities related to credit intermediation,,,,,,,,,,,,
5231,Securities and commodity contracts intermediation and brokerage,,,,,,,,,,,,
5232,Securities and commodity exchanges,,,,,,,,,,,,
5239,Other financial investment activities,,,,,,,,,,,,
5241,Insurance carriers,,,,,,,,,,,,
5242,"Agencies, brokerages and other insurance related activities",,,,,,,,,,,,
5261,Pension funds,,,,,,,,,,,,
5269,Other funds and financial vehicles,,,,,,,,,,,,
5311,Lessors of real estate,,,,,,,,,,,,
5312,Offices of real estate agents and brokers,,,,,,,,,,,,
5313,Activities related to real estate,,,,,,,,,,,,
5321,Automotive equipment rental and leasing,,,,,,,,,,,,
5322,Consumer goods rental,,,,,,,,,,,,
5323,General rental centres,,,,,,,,,,,,
5324,Commercial and industrial machinery and equipment rental and leasing,,,,,,,,,,,,
5331,Lessors of non-financial intangible assets (except copyrighted works),,,,,,,,,,,,
5411,Legal services,,,,,,,,,,,,
5412,"Accounting, tax preparation, bookkeeping and payroll services",,,,,,,,,,,,
5413,"Architectural, engineering and related services",,,,,,,,,,,,
5414,Specialized design services,,,,,,,,,,,,
5415,Computer systems design and related services,,,,,,,,,,,,
5416,"Management, scientific and technical consulting services",,,,,,,,,,,,
5417,Scientific research and development services,,,,,,,,,,,,
5418,"Advertising, public relations, and related services",,,,,,,,,,,,
5419,"Other professional, scientific and technical services",,,,,,,,,,,,
5511,Management of companies and enterprises,,,,,,,,,,,,
5611,Office administrative services,,,,,,,,,,,,
5612,Facilities support services,,,,,,,,,,,,
5613,Employment services,,,,,,,,,,,,
5614,Business support services,,,,,,,,,,,,
5615,Travel arrangement and reservation services,,,,,,,,,,,,
5616,Investigation and security services,,,,,,,,,,,,
5617,Services to buildings and dwellings,,,,,,,,,,,,
5619,Other support services,,,,,,,,,,,,
5621,Waste collection,,,,,,,,,,,,
5622,Waste treatment and disposal,,,,,,,,,,,,
5629,Remediation and other waste management services,,,,,,,,,,,,
6111,Elementary and secondary schools,,,,,,,,,,,,
6112,Community colleges and C.E.G.E.P.s,,,,,,,,,,,,
6113,Universities,,,,,,,,,,,,
6114,Business schools and computer and management training,,,,,,,,,,,,
6115,Technical and trade schools,,,,,,,,,,,,
6116,Other schools and instruction,,,,,,,,,,,,
6117,Educational support services,,,,,,,,,,,,
6211,Offices of physicians,,,,,,,,,,,,
6212,Offices of dentists,,,,,,,,,,,,
6213,Offices of other health practitioners,,,,,,,,,,,,
6214,Out-patient care centres,,,,,,,,,,,,
6215,Medical and diagnostic laboratories,,,,,,,,,,,,
6216,Home health care services,,,,,,,,,,,,
6219,Other ambulatory health care services,,,,,,,,,,,,
6221,General medical and surgical hospitals,,,,,,,,,,,,
6222,Psychiatric and substance abuse hospitals,,,,,,,,,,,,
6223,Specialty (except psychiatric and substance abuse) hospitals,,,,,,,,,,,,
6231,Nursing care facilities,,,,,,,,,,,,
6232,"Residential developmental handicap, mental health and substance abuse facilities",,,,,,,,,,,,
6233,Community care facilities for the elderly,,,,,,,,,,,,
6239,Other residential care facilities,,,,,,,,,,,,
6241,Individual and family services,,,,,,,,,,,,
6242,"Community food and housing, and emergency and other relief services",,,,,,,,,,,,
6243,Vocational rehabilitation services,,,,,,,,,,,,
6244,Child day-care services,,,,,,,,,,,,
7111,Performing arts companies,,,,,,,,,,,,
7112,Spectator sports,,,,,,,,,,,,
7113,"Promoters (presenters) of performing arts, sports and similar events",,,,,,,,,,,,
7114,"Agents and managers for artists, athletes, entertainers and other public figures",,,,,,,,,,,,
7115,"Independent artists, writers and performers",,,,,,,,,,,,
7121,Heritage institutions,,,,,,,,,,,,
7131,Amusement parks and arcades,,,,,,,,,,,,
7132,Gambling industries,,,,,,,,,,,,
7139,Other amusement and recreation industries,,,,,,,,,,,,
7211,Traveller accommodation,,,,,,,,,,,,
7212,Recreational vehicle (RV) parks and recreational camps,,,,,,,,,,,,
7213,Rooming and boarding houses,,,,,,,,,,,,
7223,Special food services,,,,,,,,,,,,
7224,Drinking places (alcoholic beverages),,,,,,,,,,,,
7225,Full-service restaurants and limited-service eating places,,,,,,,,,,,,
8111,Automotive repair and maintenance,,,,,,,,,,,,
8112,Electronic and precision equipment repair and maintenance,,,,,,,,,,,,
8113,Commercial and industrial machinery and equipment (except automotive and electronic) repair and maintenance,,,,,,,,,,,,
8114,Personal and household goods repair and maintenance,,,,,,,,,,,,
8121,Personal care services,,,,,,,,,,,,
8122,Funeral services,,,,,,,,,,,,
8123,Dry cleaning and laundry services,,,,,,,,,,,,
8129,Other personal services,,,,,,,,,,,,
8131,Religious organizations,,,,,,,,,,,,
8132,Grant-making and giving services,,,,,,,,,,,,
8133,Social advocacy organizations,,,,,,,,,,,,
8134,Civic and social organizations,,,,,,,,,,,,
8139,"Business, professional, labour and other membership organizations",,,,,,,,,,,,
8141,Private households,,,,,,,,,,,,
9111,Defence services,,,,,,,,,,,,
9112,Federal protective services,,,,,,,,,,,,
9113,"Federal labour, employment and immigration services",,,,,,,,,,,,
9114,Foreign affairs and international assistance,,,,,,,,,,,,
9119,Other federal government public administration,,,,,,,,,,,,
9121,Provincial protective services,,,,,,,,,,,,
9122,Provincial labour and employment services,,,,,,,,,,,,
9129,Other provincial and territorial public administration,,,,,,,,,,,,
9131,Municipal protective services,,,,,,,,,,,,
9139,"Other local, municipal and regional public administration",,,,,,,,,,,,
9141,Aboriginal public administration,,,,,,,,,,,,
9191,International and other extra-territorial public administration,,,,,,,,,,,,
,,,,,,,,,,,,,
,,,,,,,,,,,,,
,,,,,,,,,,,,,
National Occupational Classification (NOC) 2016,,,,,,,,,,,,,
https://noc.esdc.gc.ca/,,,,,,,,,,,,,
,,,,,,,,,,,,,
,,,,,,,,,,,,,
NOC Code,EEOG Code,EEOG Name,NOC Description,,,,,,,,,,
11,1,Senior Managers,Legislators,,,,,,,,,,
12,1,Senior Managers,Senior government managers and officials,,,,,,,,,,
13,1,Senior Managers,"Senior managers - financial, communications and other business services",,,,,,,,,,
14,1,Senior Managers,"Senior managers - health, education, social and community services and membership organizations",,,,,,,,,,
15,1,Senior Managers,"Senior managers - trade, broadcasting and other services, n.e.c. Footnote 2  ",,,,,,,,,,
16,1,Senior Managers,"Senior managers - construction, transportation, production and utilities",,,,,,,,,,
111,2,Middle and Other Managers,Financial managers,,,,,,,,,,
112,2,Middle and Other Managers,Human resources managers,,,,,,,,,,
113,2,Middle and Other Managers,Purchasing managers,,,,,,,,,,
114,2,Middle and Other Managers,Other administrative services managers,,,,,,,,,,
121,2,Middle and Other Managers,"Insurance, real estate and financial brokerage managers",,,,,,,,,,
122,2,Middle and Other Managers,"Banking, credit and other investment managers",,,,,,,,,,
124,2,Middle and Other Managers,"Advertising, marketing and public relations managers",,,,,,,,,,
125,2,Middle and Other Managers,Other business services managers,,,,,,,,,,
131,2,Middle and Other Managers,Telecommunication carriers managers,,,,,,,,,,
132,2,Middle and Other Managers,Postal and courier services managers,,,,,,,,,,
211,2,Middle and Other Managers,Engineering managers,,,,,,,,,,
212,2,Middle and Other Managers,Architecture and science managers,,,,,,,,,,
213,2,Middle and Other Managers,Computer and information systems managers,,,,,,,,,,
311,2,Middle and Other Managers,Managers in health care,,,,,,,,,,
411,2,Middle and Other Managers,Government managers - health and social policy development and program administration,,,,,,,,,,
412,2,Middle and Other Managers,"Government managers - economic analysis, policy development and program administration",,,,,,,,,,
413,2,Middle and Other Managers,Government managers - education policy development and program administration,,,,,,,,,,
414,2,Middle and Other Managers,Other managers in public administration,,,,,,,,,,
421,2,Middle and Other Managers,Administrators - post secondary education and vocational training,,,,,,,,,,
422,2,Middle and Other Managers,School principals and administrators of elementary and secondary education,,,,,,,,,,
423,2,Middle and Other Managers,"Managers in social, community and correctional services",,,,,,,,,,
431,2,Middle and Other Managers,Commissioned police officers,,,,,,,,,,
432,2,Middle and Other Managers,Fire chiefs and senior firefighting officers,,,,,,,,,,
433,2,Middle and Other Managers,Commissioned officers of the Canadian Forces,,,,,,,,,,
511,2,Middle and Other Managers,"Library, archive, museum and art gallery managers",,,,,,,,,,
512,2,Middle and Other Managers,"Managers - publishing, motion pictures, broadcasting and performing arts",,,,,,,,,,
513,2,Middle and Other Managers,"Recreation, sports and fitness program and service directors",,,,,,,,,,
601,2,Middle and Other Managers,Corporate sales managers,,,,,,,,,,
621,2,Middle and Other Managers,Retail and wholesale trade managers,,,,,,,,,,
631,2,Middle and Other Managers,Restaurant and food service managers,,,,,,,,,,
632,2,Middle and Other Managers,Accommodation service managers,,,,,,,,,,
651,2,Middle and Other Managers,"Managers in customer and personal services, n.e.c. Footnote 2  ",,,,,,,,,,
711,2,Middle and Other Managers,Construction managers,,,,,,,,,,
712,2,Middle and Other Managers,Home building and renovation managers,,,,,,,,,,
714,2,Middle and Other Managers,Facility operation and maintenance managers,,,,,,,,,,
731,2,Middle and Other Managers,Managers in transportation,,,,,,,,,,
811,2,Middle and Other Managers,Managers in natural resources production and fishing,,,,,,,,,,
821,2,Middle and Other Managers,Managers in agriculture,,,,,,,,,,
822,2,Middle and Other Managers,Managers in horticulture,,,,,,,,,,
823,2,Middle and Other Managers,Managers in aquaculture,,,,,,,,,,
911,2,Middle and Other Managers,Manufacturing managers,,,,,,,,,,
912,2,Middle and Other Managers,Utilities manager,,,,,,,,,,
1111,3,Professionals,Financial auditors and accountants,,,,,,,,,,
1112,3,Professionals,Financial and investment analysts,,,,,,,,,,
1113,3,Professionals,"Securities agents, investment dealers and brokers",,,,,,,,,,
1114,3,Professionals,Other financial officers,,,,,,,,,,
1121,3,Professionals,Human resources professionals,,,,,,,,,,
1122,3,Professionals,Professional occupations in business management consulting,,,,,,,,,,
1123,3,Professionals,"Professional occupations in advertising, marketing and public relations",,,,,,,,,,
2111,3,Professionals,Physicists and astronomers,,,,,,,,,,
2112,3,Professionals,Chemists,,,,,,,,,,
2113,3,Professionals,Geoscientists and oceanographers,,,,,,,,,,
2114,3,Professionals,Meteorologists and climatologists ,,,,,,,,,,
2115,3,Professionals,Other professional occupations in physical sciences ,,,,,,,,,,
2121,3,Professionals,Biologists and related scientists ,,,,,,,,,,
2122,3,Professionals,Forestry professionals ,,,,,,,,,,
2123,3,Professionals,"Agricultural representatives, consultants and specialists ",,,,,,,,,,
2131,3,Professionals,Civil engineers,,,,,,,,,,
2132,3,Professionals,Mechanical engineers,,,,,,,,,,
2133,3,Professionals,Electrical and electronics engineers,,,,,,,,,,
2134,3,Professionals,Chemical engineers,,,,,,,,,,
2141,3,Professionals,Industrial and manufacturing engineers,,,,,,,,,,
2142,3,Professionals,Metallurgical and materials engineers,,,,,,,,,,
2143,3,Professionals,Mining engineers,,,,,,,,,,
2144,3,Professionals,Geological engineers,,,,,,,,,,
2145,3,Professionals,Petroleum engineers,,,,,,,,,,
2146,3,Professionals,Aerospace engineers,,,,,,,,,,
2147,3,Professionals,Computer engineers (except software engineers and designers),,,,,,,,,,
2148,3,Professionals,"Other professional engineers, n.e.c. Footnote 2  ",,,,,,,,,,
2151,3,Professionals,Architects,,,,,,,,,,
2152,3,Professionals,Landscape architects,,,,,,,,,,
2153,3,Professionals,Urban and land use planners,,,,,,,,,,
2154,3,Professionals,Land surveyors,,,,,,,,,,
2161,3,Professionals,"Mathematicians, statisticians and actuaries",,,,,,,,,,
2171,3,Professionals,Information systems analysts and consultants,,,,,,,,,,
2172,3,Professionals,Database analysts and data administrators,,,,,,,,,,
2173,3,Professionals,Software engineers and designers,,,,,,,,,,
2174,3,Professionals,Computer programmers and interactive media developers,,,,,,,,,,
2175,3,Professionals,Web designers and developers,,,,,,,,,,
3011,3,Professionals,Nursing co-ordinators and supervisors,,,,,,,,,,
3012,3,Professionals,Registered nurses and registered psychiatric nurses,,,,,,,,,,
3111,3,Professionals,Specialist physicians,,,,,,,,,,
3112,3,Professionals,General practitioners and family physicians,,,,,,,,,,
3113,3,Professionals,Dentists,,,,,,,,,,
3114,3,Professionals,Veterinarians,,,,,,,,,,
3121,3,Professionals,Optometrists,,,,,,,,,,
3122,3,Professionals,Chiropractors,,,,,,,,,,
3124,3,Professionals,Allied primary health practitioners,,,,,,,,,,
3125,3,Professionals,Other professional occupations in health diagnosing and treating,,,,,,,,,,
3131,3,Professionals,Pharmacists,,,,,,,,,,
3132,3,Professionals,Dietitians and nutritionists,,,,,,,,,,
3141,3,Professionals,Audiologists and speech-language pathologists,,,,,,,,,,
3142,3,Professionals,Physiotherapists,,,,,,,,,,
3143,3,Professionals,Occupational therapists,,,,,,,,,,
3144,3,Professionals,Other professional occupations in therapy and assessment,,,,,,,,,,
4011,3,Professionals,University professors and lecturers,,,,,,,,,,
4012,3,Professionals,Post-secondary teaching and research assistants,,,,,,,,,,
4021,3,Professionals,College and other vocational instructors,,,,,,,,,,
4031,3,Professionals,Secondary school teachers,,,,,,,,,,
4032,3,Professionals,Elementary school and kindergarten teachers,,,,,,,,,,
4033,3,Professionals,Educational counsellors,,,,,,,,,,
4111,3,Professionals,Judges,,,,,,,,,,
4112,3,Professionals,Lawyers and Quebec notaries,,,,,,,,,,
4151,3,Professionals,Psychologists,,,,,,,,,,
4152,3,Professionals,Social workers,,,,,,,,,,
4153,3,Professionals,"Family, marriage and other related counsellors",,,,,,,,,,
4154,3,Professionals,Professional occupations in religion,,,,,,,,,,
4155,3,Professionals,Probation and parole officers and related occupations,,,,,,,,,,
4156,3,Professionals,Employment counsellors,,,,,,,,,,
4161,3,Professionals,"Natural and applied science policy researchers, consultants and program officers",,,,,,,,,,
4162,3,Professionals,Economists and economic policy researchers and analysts,,,,,,,,,,
4163,3,Professionals,Business development officers and marketing researchers and consultants,,,,,,,,,,
4164,3,Professionals,"Social policy researchers, consultants and program officers",,,,,,,,,,
4165,3,Professionals,"Health policy researchers, consultants and program officers",,,,,,,,,,
4166,3,Professionals,"Education policy researchers, consultants and program officers",,,,,,,,,,
4167,3,Professionals,"Recreation, sports and fitness policy researchers, consultants and program officers",,,,,,,,,,
4168,3,Professionals,Program officers unique to government,,,,,,,,,,
4169,3,Professionals,"Other professional occupations in social science, n.e.c. Footnote 2  ",,,,,,,,,,
5111,3,Professionals,Librarians,,,,,,,,,,
5112,3,Professionals,Conservators and curators,,,,,,,,,,
5113,3,Professionals,Archivists,,,,,,,,,,
5121,3,Professionals,Authors and writers,,,,,,,,,,
5122,3,Professionals,Editors,,,,,,,,,,
5123,3,Professionals,Journalists,,,,,,,,,,
5125,3,Professionals,"Translators, terminologists and interpreters",,,,,,,,,,
5131,3,Professionals,"Producers, directors, choreographers and related occupations",,,,,,,,,,
5132,3,Professionals,"Conductors, composers and arrangers",,,,,,,,,,
5133,3,Professionals,Musicians and singers,,,,,,,,,,
5134,3,Professionals,Dancers,,,,,,,,,,
5135,3,Professionals,Actors and comedians,,,,,,,,,,
5136,3,Professionals,"Painters, sculptors and other visual artists",,,,,,,,,,
2211,4,Semi-Professionals and Technicians,Chemical technologists and technicians,,,,,,,,,,
2212,4,Semi-Professionals and Technicians,Geological and mineral technologists and technicians,,,,,,,,,,
2221,4,Semi-Professionals and Technicians,Biological technologists and technicians,,,,,,,,,,
2222,4,Semi-Professionals and Technicians,Agricultural and fish products inspectors,,,,,,,,,,
2223,4,Semi-Professionals and Technicians,Forestry technologists and technicians,,,,,,,,,,
2224,4,Semi-Professionals and Technicians,Conservation and fishery officers,,,,,,,,,,
2225,4,Semi-Professionals and Technicians,Landscape and horticultural technicians and specialists,,,,,,,,,,
2231,4,Semi-Professionals and Technicians,Civil engineering technologists and technicians,,,,,,,,,,
2232,4,Semi-Professionals and Technicians,Mechanical engineering technologists and technicians,,,,,,,,,,
2233,4,Semi-Professionals and Technicians,Industrial engineering and manufacturing technologists and technicians,,,,,,,,,,
2234,4,Semi-Professionals and Technicians,Construction estimators,,,,,,,,,,
2241,4,Semi-Professionals and Technicians,Electrical and electronics engineering technologists and technicians,,,,,,,,,,
2242,4,Semi-Professionals and Technicians,Electronic service technicians (household and business equipment),,,,,,,,,,
2243,4,Semi-Professionals and Technicians,Industrial instrument technicians and mechanics,,,,,,,,,,
2244,4,Semi-Professionals and Technicians,"Aircraft instrument, electrical and avionics mechanics, technicians and inspectors",,,,,,,,,,
2251,4,Semi-Professionals and Technicians,Architectural technologists and technicians,,,,,,,,,,
2252,4,Semi-Professionals and Technicians,Industrial designers,,,,,,,,,,
2253,4,Semi-Professionals and Technicians,Drafting technologists and technicians,,,,,,,,,,
2254,4,Semi-Professionals and Technicians,Land survey technologists and technicians,,,,,,,,,,
2255,4,Semi-Professionals and Technicians,Technical occupations in geomatics and meteorology,,,,,,,,,,
2261,4,Semi-Professionals and Technicians,Non-destructive testers and inspection technicians,,,,,,,,,,
2262,4,Semi-Professionals and Technicians,Engineering inspectors and regulatory officers,,,,,,,,,,
2263,4,Semi-Professionals and Technicians,Inspectors in public and environmental health and occupational health and safety,,,,,,,,,,
2264,4,Semi-Professionals and Technicians,Construction inspectors,,,,,,,,,,
2271,4,Semi-Professionals and Technicians,"Air pilots, flight engineers and flying instructors",,,,,,,,,,
2272,4,Semi-Professionals and Technicians,Air traffic controllers and related occupations,,,,,,,,,,
2273,4,Semi-Professionals and Technicians,"Deck officers, water transport",,,,,,,,,,
2274,4,Semi-Professionals and Technicians,"Engineer officers, water transport",,,,,,,,,,
2275,4,Semi-Professionals and Technicians,Railway traffic controllers and marine traffic regulators,,,,,,,,,,
2281,4,Semi-Professionals and Technicians,Computer network technicians,,,,,,,,,,
2282,4,Semi-Professionals and Technicians,User support technicians,,,,,,,,,,
2283,4,Semi-Professionals and Technicians,Information systems testing technicians,,,,,,,,,,
3211,4,Semi-Professionals and Technicians,Medical laboratory technologists,,,,,,,,,,
3212,4,Semi-Professionals and Technicians,Medical laboratory technicians and pathologists assistants,,,,,,,,,,
3213,4,Semi-Professionals and Technicians,Animal health technologists and veterinary technicians,,,,,,,,,,
3214,4,Semi-Professionals and Technicians,"Respiratory therapists, clinical perfusionists and cardiopulmonary technologists",,,,,,,,,,
3215,4,Semi-Professionals and Technicians,Medical radiation technologists,,,,,,,,,,
3216,4,Semi-Professionals and Technicians,Medical sonographers,,,,,,,,,,
3217,4,Semi-Professionals and Technicians,"Cardiology technologists and electrophysiological diagnostic technologists, n.e.c. Footnote 2  ",,,,,,,,,,
3219,4,Semi-Professionals and Technicians,Other medical technologists and technicians (except dental health),,,,,,,,,,
3221,4,Semi-Professionals and Technicians,Denturists,,,,,,,,,,
3222,4,Semi-Professionals and Technicians,Dental hygienists and dental therapists,,,,,,,,,,
3223,4,Semi-Professionals and Technicians,"Dental technologists, technicians and laboratory assistants",,,,,,,,,,
3231,4,Semi-Professionals and Technicians,Opticians,,,,,,,,,,
3232,4,Semi-Professionals and Technicians,Practitioners of natural healing,,,,,,,,,,
3233,4,Semi-Professionals and Technicians,Licensed practical nurses,,,,,,,,,,
3234,4,Semi-Professionals and Technicians,Paramedical occupations,,,,,,,,,,
3236,4,Semi-Professionals and Technicians,Massage therapists,,,,,,,,,,
3237,4,Semi-Professionals and Technicians,Other technical occupations in therapy and assessment,,,,,,,,,,
4211,4,Semi-Professionals and Technicians,Paralegal and related occupations,,,,,,,,,,
4212,4,Semi-Professionals and Technicians,Social and community service workers,,,,,,,,,,
4214,4,Semi-Professionals and Technicians,Early childhood educators and assistants,,,,,,,,,,
4215,4,Semi-Professionals and Technicians,Instructors of persons with disabilities,,,,,,,,,,
4216,4,Semi-Professionals and Technicians,Other instructors,,,,,,,,,,
4217,4,Semi-Professionals and Technicians,Other religious occupations,,,,,,,,,,
4311,4,Semi-Professionals and Technicians,Police officers (except commissioned),,,,,,,,,,
4312,4,Semi-Professionals and Technicians,Firefighters,,,,,,,,,,
4313,4,Semi-Professionals and Technicians,Non-commissioned ranks of the Canadian Forces,,,,,,,,,,
5211,4,Semi-Professionals and Technicians,Library and public archive technicians,,,,,,,,,,
5212,4,Semi-Professionals and Technicians,Technical occupations related to museums and art galleries,,,,,,,,,,
5221,4,Semi-Professionals and Technicians,Photographers,,,,,,,,,,
5222,4,Semi-Professionals and Technicians,Film and video camera operators,,,,,,,,,,
5223,4,Semi-Professionals and Technicians,Graphic arts technicians,,,,,,,,,,
5224,4,Semi-Professionals and Technicians,Broadcast technicians,,,,,,,,,,
5225,4,Semi-Professionals and Technicians,Audio and video recording technicians,,,,,,,,,,
5226,4,Semi-Professionals and Technicians,"Other technical and co-ordinating occupations in motion pictures, broadcasting and the performing arts",,,,,,,,,,
5227,4,Semi-Professionals and Technicians,"Support occupations in motion pictures, broadcasting, photography and the performing arts",,,,,,,,,,
5231,4,Semi-Professionals and Technicians,Announcers and other broadcasters,,,,,,,,,,
5232,4,Semi-Professionals and Technicians,"Other performers, n.e.c. Footnote 2  ",,,,,,,,,,
5241,4,Semi-Professionals and Technicians,Graphic designers and illustrators,,,,,,,,,,
5242,4,Semi-Professionals and Technicians,Interior designers and interior decorators,,,,,,,,,,
5243,4,Semi-Professionals and Technicians,"Theatre, fashion, exhibit and other creative designers",,,,,,,,,,
5244,4,Semi-Professionals and Technicians,Artisans and craftspersons,,,,,,,,,,
5245,4,Semi-Professionals and Technicians,"Patternmakers - textile, leather and fur products",,,,,,,,,,
5251,4,Semi-Professionals and Technicians,Athletes,,,,,,,,,,
5252,4,Semi-Professionals and Technicians,Coaches,,,,,,,,,,
5253,4,Semi-Professionals and Technicians,Sports officials and referees,,,,,,,,,,
5254,4,Semi-Professionals and Technicians,"Program leaders and instructors in recreation, sport and fitness",,,,,,,,,,
1211,5,Supervisors,"Supervisors, general office and administrative support workers",,,,,,,,,,
1212,5,Supervisors,"Supervisors, finance and insurance office workers",,,,,,,,,,
1213,5,Supervisors,"Supervisors, library, correspondence and related information workers",,,,,,,,,,
1214,5,Supervisors,"Supervisors, mail and message distribution occupations",,,,,,,,,,
1215,5,Supervisors,"Supervisors, supply chain, tracking and scheduling co-ordination occupations",,,,,,,,,,
6211,5,Supervisors,Retail sales supervisors,,,,,,,,,,
6311,5,Supervisors,Food service supervisors,,,,,,,,,,
6312,5,Supervisors,Executive housekeepers,,,,,,,,,,
6313,5,Supervisors,"Accommodation, travel, tourism and related services supervisors",,,,,,,,,,
6314,5,Supervisors,Customer and information services supervisors,,,,,,,,,,
6315,5,Supervisors,Cleaning supervisors,,,,,,,,,,
6316,5,Supervisors,Other services supervisors,,,,,,,,,,
7201,6,Supervisors: Crafts and Trades,"Contractors and supervisors, machining, metal forming, shaping and erecting trades and related occ.",,,,,,,,,,
7202,6,Supervisors: Crafts and Trades,"Contractors and supervisors, electrical trades and telecommunications occupations",,,,,,,,,,
7203,6,Supervisors: Crafts and Trades,"Contractors and supervisors, pipefitting trades",,,,,,,,,,
7204,6,Supervisors: Crafts and Trades,"Contractors and supervisors, carpentry trades",,,,,,,,,,
7205,6,Supervisors: Crafts and Trades,"Contractors and supervisors, other construction trades, installers, repairers and servicers",,,,,,,,,,
7301,6,Supervisors: Crafts and Trades,"Contractors and supervisors, mechanic trades",,,,,,,,,,
7302,6,Supervisors: Crafts and Trades,"Contractors and supervisors, heavy equipment operator crews",,,,,,,,,,
7303,6,Supervisors: Crafts and Trades,"Supervisors, printing and related occupations",,,,,,,,,,
7304,6,Supervisors: Crafts and Trades,"Supervisors, railway transport operations",,,,,,,,,,
7305,6,Supervisors: Crafts and Trades,"Supervisors, motor transport and other ground transit operators",,,,,,,,,,
8211,6,Supervisors: Crafts and Trades,"Supervisors, logging and forestry",,,,,,,,,,
8221,6,Supervisors: Crafts and Trades,"Supervisors, mining and quarrying",,,,,,,,,,
8222,6,Supervisors: Crafts and Trades,"Contractors and supervisors, oil and gas drilling and services",,,,,,,,,,
8252,6,Supervisors: Crafts and Trades,"Agricultural service contractors, farm supervisors and specialized livestock workers",,,,,,,,,,
8255,6,Supervisors: Crafts and Trades,"Contractors and supervisors, landscaping, grounds maintenance and horticulture services",,,,,,,,,,
9211,6,Supervisors: Crafts and Trades,"Supervisors, mineral and metal processing",,,,,,,,,,
9212,6,Supervisors: Crafts and Trades,"Supervisors, petroleum, gas and chemical processing and utilities",,,,,,,,,,
9213,6,Supervisors: Crafts and Trades,"Supervisors, food, beverage and associated products processing",,,,,,,,,,
9214,6,Supervisors: Crafts and Trades,"Supervisors, plastic and rubber products manufacturing",,,,,,,,,,
9215,6,Supervisors: Crafts and Trades,"Supervisors, forest products processing",,,,,,,,,,
9217,6,Supervisors: Crafts and Trades,"Supervisors, textile, fabric, fur and leather products processing and manufacturing",,,,,,,,,,
9221,6,Supervisors: Crafts and Trades,"Supervisors, motor vehicle assembling",,,,,,,,,,
9222,6,Supervisors: Crafts and Trades,"Supervisors, electronics manufacturing",,,,,,,,,,
9223,6,Supervisors: Crafts and Trades,"Supervisors, electrical products manufacturing",,,,,,,,,,
9224,6,Supervisors: Crafts and Trades,"Supervisors, furniture and fixtures manufacturing",,,,,,,,,,
9226,6,Supervisors: Crafts and Trades,"Supervisors, other mechanical and metal product manufacturing",,,,,,,,,,
9227,6,Supervisors: Crafts and Trades,"Supervisors, other products manufacturing and assembly",,,,,,,,,,
1221,7,Administrative and Senior Clerical Personnel,Administrative officers,,,,,,,,,,
1222,7,Administrative and Senior Clerical Personnel,Executive assistants,,,,,,,,,,
1223,7,Administrative and Senior Clerical Personnel,Human resources and recruitment officers,,,,,,,,,,
1224,7,Administrative and Senior Clerical Personnel,Property administrators,,,,,,,,,,
1225,7,Administrative and Senior Clerical Personnel,Purchasing agents and officers,,,,,,,,,,
1226,7,Administrative and Senior Clerical Personnel,Conference and event planners,,,,,,,,,,
1227,7,Administrative and Senior Clerical Personnel,Court officers and justices of the peace,,,,,,,,,,
1228,7,Administrative and Senior Clerical Personnel,"Employment insurance, immigration, border services and revenue officers",,,,,,,,,,
1241,7,Administrative and Senior Clerical Personnel,Administrative assistants,,,,,,,,,,
1242,7,Administrative and Senior Clerical Personnel,Legal administrative assistants,,,,,,,,,,
1243,7,Administrative and Senior Clerical Personnel,Medical administrative assistants,,,,,,,,,,
1251,7,Administrative and Senior Clerical Personnel,"Court reporters, medical transcriptionists and related occupations",,,,,,,,,,
1252,7,Administrative and Senior Clerical Personnel,Health information management occupations,,,,,,,,,,
1253,7,Administrative and Senior Clerical Personnel,Records management technicians,,,,,,,,,,
1254,7,Administrative and Senior Clerical Personnel,Statistical officers and related research support occupations,,,,,,,,,,
1311,7,Administrative and Senior Clerical Personnel,Accounting technicians and bookkeepers,,,,,,,,,,
1312,7,Administrative and Senior Clerical Personnel,Insurance adjusters and claims examiners,,,,,,,,,,
1313,7,Administrative and Senior Clerical Personnel,Insurance underwriters,,,,,,,,,,
1314,7,Administrative and Senior Clerical Personnel,"Assessors, valuators and appraisers",,,,,,,,,,
1315,7,Administrative and Senior Clerical Personnel,"Customs, ship and other brokers",,,,,,,,,,
6221,8,Skilled Sales and Service Personnel,Technical sales specialists - wholesale trade,,,,,,,,,,
6222,8,Skilled Sales and Service Personnel,Retail and wholesale buyers,,,,,,,,,,
6231,8,Skilled Sales and Service Personnel,Insurance agents and brokers,,,,,,,,,,
6232,8,Skilled Sales and Service Personnel,Real estate agents and salespersons,,,,,,,,,,
6235,8,Skilled Sales and Service Personnel,Financial sales representatives,,,,,,,,,,
6321,8,Skilled Sales and Service Personnel,Chefs,,,,,,,,,,
6322,8,Skilled Sales and Service Personnel,Cooks,,,,,,,,,,
6331,8,Skilled Sales and Service Personnel,"Butchers, meat cutters and fishmongers - retail and wholesale",,,,,,,,,,
6332,8,Skilled Sales and Service Personnel,Bakers,,,,,,,,,,
6341,8,Skilled Sales and Service Personnel,Hairstylists and barbers,,,,,,,,,,
6342,8,Skilled Sales and Service Personnel,"Tailors, dressmakers, furriers and milliners",,,,,,,,,,
6343,8,Skilled Sales and Service Personnel,Shoe repairers and shoemakers,,,,,,,,,,
6344,8,Skilled Sales and Service Personnel,"Jewellers, jewellery and watch repairers and related occupations",,,,,,,,,,
6345,8,Skilled Sales and Service Personnel,Upholsterers,,,,,,,,,,
6346,8,Skilled Sales and Service Personnel,Funeral directors and embalmers,,,,,,,,,,
7231,9,Skilled Crafts and Trades Workers,Machinists and machining and tooling inspectors,,,,,,,,,,
7232,9,Skilled Crafts and Trades Workers,Tool and die makers,,,,,,,,,,
7233,9,Skilled Crafts and Trades Workers,Sheet metal workers,,,,,,,,,,
7234,9,Skilled Crafts and Trades Workers,Boilermakers,,,,,,,,,,
7235,9,Skilled Crafts and Trades Workers,Structural metal and platework fabricators and fitters,,,,,,,,,,
7236,9,Skilled Crafts and Trades Workers,Ironworkers,,,,,,,,,,
7237,9,Skilled Crafts and Trades Workers,Welders and related machine operators,,,,,,,,,,
7241,9,Skilled Crafts and Trades Workers,Electricians (except industrial and power system),,,,,,,,,,
7242,9,Skilled Crafts and Trades Workers,Industrial electricians,,,,,,,,,,
7243,9,Skilled Crafts and Trades Workers,Power system electricians,,,,,,,,,,
7244,9,Skilled Crafts and Trades Workers,Electrical power line and cable workers,,,,,,,,,,
7245,9,Skilled Crafts and Trades Workers,Telecommunications line and cable workers,,,,,,,,,,
7246,9,Skilled Crafts and Trades Workers,Telecommunications installation and repair workers,,,,,,,,,,
7247,9,Skilled Crafts and Trades Workers,Cable television service and maintenance technicians,,,,,,,,,,
7251,9,Skilled Crafts and Trades Workers,Plumbers,,,,,,,,,,
7252,9,Skilled Crafts and Trades Workers,"Steamfitters, pipefitters and sprinkler system installers",,,,,,,,,,
7253,9,Skilled Crafts and Trades Workers,Gas fitters,,,,,,,,,,
7271,9,Skilled Crafts and Trades Workers,Carpenters,,,,,,,,,,
7272,9,Skilled Crafts and Trades Workers,Cabinetmakers,,,,,,,,,,
7281,9,Skilled Crafts and Trades Workers,Bricklayers,,,,,,,,,,
7282,9,Skilled Crafts and Trades Workers,Concrete finishers,,,,,,,,,,
7283,9,Skilled Crafts and Trades Workers,Tilesetters,,,,,,,,,,
7284,9,Skilled Crafts and Trades Workers,"Plasterers, drywall installers and finishers and lathers",,,,,,,,,,
7291,9,Skilled Crafts and Trades Workers,Roofers and shinglers,,,,,,,,,,
7292,9,Skilled Crafts and Trades Workers,Glaziers,,,,,,,,,,
7293,9,Skilled Crafts and Trades Workers,Insulators,,,,,,,,,,
7294,9,Skilled Crafts and Trades Workers,Painters and decorators (except interior decorators),,,,,,,,,,
7295,9,Skilled Crafts and Trades Workers,Floor covering installers,,,,,,,,,,
7311,9,Skilled Crafts and Trades Workers,Construction millwrights and industrial mechanics,,,,,,,,,,
7312,9,Skilled Crafts and Trades Workers,Heavy-duty equipment mechanics,,,,,,,,,,
7313,9,Skilled Crafts and Trades Workers,Refrigeration and air conditioning mechanics,,,,,,,,,,
7314,9,Skilled Crafts and Trades Workers,Railway carmen/women,,,,,,,,,,
7315,9,Skilled Crafts and Trades Workers,Aircraft mechanics and aircraft inspectors,,,,,,,,,,
7316,9,Skilled Crafts and Trades Workers,Machine fitters,,,,,,,,,,
7318,9,Skilled Crafts and Trades Workers,Elevator constructors and mechanics,,,,,,,,,,
7321,9,Skilled Crafts and Trades Workers,"Automotive service technicians, truck and bus mechanics and mechanical repairers",,,,,,,,,,
7322,9,Skilled Crafts and Trades Workers,Motor vehicle body repairers,,,,,,,,,,
7331,9,Skilled Crafts and Trades Workers,Oil and solid fuel heating mechanics,,,,,,,,,,
7332,9,Skilled Crafts and Trades Workers,Appliance servicers and repairers,,,,,,,,,,
7333,9,Skilled Crafts and Trades Workers,Electrical mechanics,,,,,,,,,,
7334,9,Skilled Crafts and Trades Workers,"Motorcycle, all-terrain vehicle and other related mechanics",,,,,,,,,,
7335,9,Skilled Crafts and Trades Workers,Other small engine and small equipment repairers,,,,,,,,,,
7361,9,Skilled Crafts and Trades Workers,Railway and yard locomotive engineers,,,,,,,,,,
7362,9,Skilled Crafts and Trades Workers,Railway conductors and brakemen/women,,,,,,,,,,
7371,9,Skilled Crafts and Trades Workers,Crane operators,,,,,,,,,,
7372,9,Skilled Crafts and Trades Workers,"Drillers and blasters - surface mining, quarrying and construction",,,,,,,,,,
7373,9,Skilled Crafts and Trades Workers,Water well drillers,,,,,,,,,,
7381,9,Skilled Crafts and Trades Workers,Printing press operators,,,,,,,,,,
7384,9,Skilled Crafts and Trades Workers,"Other trades and related occupations, n.e.c. Footnote 2  ",,,,,,,,,,
8231,9,Skilled Crafts and Trades Workers,Underground production and development miners,,,,,,,,,,
8232,9,Skilled Crafts and Trades Workers,"Oil and gas well drillers, servicers, testers and related workers",,,,,,,,,,
8241,9,Skilled Crafts and Trades Workers,Logging machinery operators,,,,,,,,,,
8261,9,Skilled Crafts and Trades Workers,Fishing masters and officers,,,,,,,,,,
8262,9,Skilled Crafts and Trades Workers,Fishermen/women,,,,,,,,,,
9231,9,Skilled Crafts and Trades Workers,"Central control and process operators, mineral and metal processing",,,,,,,,,,
9232,9,Skilled Crafts and Trades Workers,"Petroleum, gas and chemical process operators",,,,,,,,,,
9235,9,Skilled Crafts and Trades Workers,"Pulping, papermaking and coating control operators",,,,,,,,,,
9241,9,Skilled Crafts and Trades Workers,Power engineers and power systems operators,,,,,,,,,,
9243,9,Skilled Crafts and Trades Workers,Water and waste treatment plant operators,,,,,,,,,,
1411,10,Clerical Personnel,General office support workers,,,,,,,,,,
1414,10,Clerical Personnel,Receptionists,,,,,,,,,,
1415,10,Clerical Personnel,Personnel clerks,,,,,,,,,,
1416,10,Clerical Personnel,Court clerks,,,,,,,,,,
1422,10,Clerical Personnel,Data entry clerks,,,,,,,,,,
1423,10,Clerical Personnel,Desktop publishing operators and related occupations,,,,,,,,,,
1431,10,Clerical Personnel,Accounting and related clerks,,,,,,,,,,
1432,10,Clerical Personnel,Payroll clerks,,,,,,,,,,
1434,10,Clerical Personnel,"Banking, insurance and other financial clerks",,,,,,,,,,
1435,10,Clerical Personnel,Collectors,,,,,,,,,,
1451,10,Clerical Personnel,Library assistants and clerks,,,,,,,,,,
1452,10,Clerical Personnel,"Correspondence, publication and regulatory clerks",,,,,,,,,,
1454,10,Clerical Personnel,Survey interviewers and statistical clerks,,,,,,,,,,
1511,10,Clerical Personnel,"Mail, postal and related workers",,,,,,,,,,
1512,10,Clerical Personnel,Letter carriers,,,,,,,,,,
1513,10,Clerical Personnel,"Couriers, messengers and door-to-door distributors",,,,,,,,,,
1521,10,Clerical Personnel,Shippers and receivers,,,,,,,,,,
1522,10,Clerical Personnel,Storekeepers and partspersons,,,,,,,,,,
1523,10,Clerical Personnel,Production logistics co-ordinators,,,,,,,,,,
1524,10,Clerical Personnel,Purchasing and inventory control workers,,,,,,,,,,
1525,10,Clerical Personnel,Dispatchers,,,,,,,,,,
1526,10,Clerical Personnel,Transportation route and crew schedulers,,,,,,,,,,
3411,11,Intermediate Sales and Service Personnel,Dental assistants,,,,,,,,,,
3413,11,Intermediate Sales and Service Personnel,"Nurse aides, orderlies and patient service associates",,,,,,,,,,
3414,11,Intermediate Sales and Service Personnel,Other assisting occupations in support of health services,,,,,,,,,,
4411,11,Intermediate Sales and Service Personnel,Home child care providers,,,,,,,,,,
4412,11,Intermediate Sales and Service Personnel,"Home support workers, housekeepers and related occupations",,,,,,,,,,
4413,11,Intermediate Sales and Service Personnel,Elementary and secondary school teacher assistants,,,,,,,,,,
4421,11,Intermediate Sales and Service Personnel,Sheriffs and bailiffs,,,,,,,,,,
4422,11,Intermediate Sales and Service Personnel,Correctional service officers,,,,,,,,,,
4423,11,Intermediate Sales and Service Personnel,"By law enforcement and other regulatory officers, n.e.c. Footnote 2  ",,,,,,,,,,
6411,11,Intermediate Sales and Service Personnel,Sales and account representatives - wholesale trade (non-technical),,,,,,,,,,
6421,11,Intermediate Sales and Service Personnel,Retail salespersons,,,,,,,,,,
6511,11,Intermediate Sales and Service Personnel,Maîtres d'hôtel and hosts/hostesses,,,,,,,,,,
6512,11,Intermediate Sales and Service Personnel,Bartenders,,,,,,,,,,
6513,11,Intermediate Sales and Service Personnel,Food and beverage servers,,,,,,,,,,
6521,11,Intermediate Sales and Service Personnel,Travel counsellors,,,,,,,,,,
6522,11,Intermediate Sales and Service Personnel,Pursers and flight attendants,,,,,,,,,,
6523,11,Intermediate Sales and Service Personnel,Airline ticket and service agents,,,,,,,,,,
6524,11,Intermediate Sales and Service Personnel,"Ground and water transport ticket agents, cargo service representatives and related clerks",,,,,,,,,,
6525,11,Intermediate Sales and Service Personnel,Hotel front desk clerks,,,,,,,,,,
6531,11,Intermediate Sales and Service Personnel,Tour and travel guides,,,,,,,,,,
6532,11,Intermediate Sales and Service Personnel,Outdoor sport and recreational guides,,,,,,,,,,
6533,11,Intermediate Sales and Service Personnel,Casino occupations,,,,,,,,,,
6541,11,Intermediate Sales and Service Personnel,Security guards and related security service occupations,,,,,,,,,,
6551,11,Intermediate Sales and Service Personnel,Customer services representatives - financial institutions,,,,,,,,,,
6552,11,Intermediate Sales and Service Personnel,Other customer and information services representatives,,,,,,,,,,
6561,11,Intermediate Sales and Service Personnel,"Image, social and other personal consultants",,,,,,,,,,
6562,11,Intermediate Sales and Service Personnel,"Estheticians, electrologists and related occupations",,,,,,,,,,
6563,11,Intermediate Sales and Service Personnel,Pet groomers and animal care workers,,,,,,,,,,
6564,11,Intermediate Sales and Service Personnel,Other personal service occupations,,,,,,,,,,
7441,12,Semi-Skilled Manual Workers,Residential and commercial installers and servicers,,,,,,,,,,
7442,12,Semi-Skilled Manual Workers,Waterworks and gas maintenance workers,,,,,,,,,,
7444,12,Semi-Skilled Manual Workers,Pest controllers and fumigators,,,,,,,,,,
7445,12,Semi-Skilled Manual Workers,Other repairers and servicers,,,,,,,,,,
7451,12,Semi-Skilled Manual Workers,Longshore workers,,,,,,,,,,
7452,12,Semi-Skilled Manual Workers,Material handlers,,,,,,,,,,
7511,12,Semi-Skilled Manual Workers,Transport truck drivers,,,,,,,,,,
7512,12,Semi-Skilled Manual Workers,"Bus drivers, subway operators and other transit operators",,,,,,,,,,
7513,12,Semi-Skilled Manual Workers,Taxi and limousine drivers and chauffeurs,,,,,,,,,,
7514,12,Semi-Skilled Manual Workers,Delivery and couriers service drivers,,,,,,,,,,
7521,12,Semi-Skilled Manual Workers,Heavy equipment operators (except crane),,,,,,,,,,
7522,12,Semi-Skilled Manual Workers,Public works maintenance equipment operators and related workers,,,,,,,,,,
7531,12,Semi-Skilled Manual Workers,Railway yard and track maintenance workers,,,,,,,,,,
7532,12,Semi-Skilled Manual Workers,Water transport deck and engine room crew,,,,,,,,,,
7533,12,Semi-Skilled Manual Workers,Boat and cable ferry operators and related occupations,,,,,,,,,,
7534,12,Semi-Skilled Manual Workers,Air transport ramp attendants,,,,,,,,,,
7535,12,Semi-Skilled Manual Workers,Other automotive mechanical installers and servicers,,,,,,,,,,
8411,12,Semi-Skilled Manual Workers,Underground mine service and support workers,,,,,,,,,,
8412,12,Semi-Skilled Manual Workers,Oil and gas well drilling and related workers and services operators,,,,,,,,,,
8421,12,Semi-Skilled Manual Workers,Chainsaw and skidder operators,,,,,,,,,,
8422,12,Semi-Skilled Manual Workers,Silviculture and forestry workers,,,,,,,,,,
8431,12,Semi-Skilled Manual Workers,General farm workers,,,,,,,,,,
8432,12,Semi-Skilled Manual Workers,Nursery and greenhouse workers,,,,,,,,,,
8441,12,Semi-Skilled Manual Workers,Fishing vessel deckhands,,,,,,,,,,
8442,12,Semi-Skilled Manual Workers,Trappers and hunters,,,,,,,,,,
9411,12,Semi-Skilled Manual Workers,"Machine operators, mineral and metal processing",,,,,,,,,,
9412,12,Semi-Skilled Manual Workers,Foundry workers,,,,,,,,,,
9413,12,Semi-Skilled Manual Workers,Glass forming and finishing machine operators and glass cutters,,,,,,,,,,
9414,12,Semi-Skilled Manual Workers,"Concrete, clay and stone forming operators",,,,,,,,,,
9415,12,Semi-Skilled Manual Workers,"Inspectors and testers, mineral and metal processing",,,,,,,,,,
9416,12,Semi-Skilled Manual Workers,Metalworking and forging machine operators,,,,,,,,,,
9417,12,Semi-Skilled Manual Workers,Machining tool operators,,,,,,,,,,
9418,12,Semi-Skilled Manual Workers,Other metal products machine operators,,,,,,,,,,
9421,12,Semi-Skilled Manual Workers,Chemical plant machine operators,,,,,,,,,,
9422,12,Semi-Skilled Manual Workers,Plastics processing machine operators,,,,,,,,,,
9423,12,Semi-Skilled Manual Workers,Rubber processing machine operators and related workers,,,,,,,,,,
9431,12,Semi-Skilled Manual Workers,Sawmill machine operators,,,,,,,,,,
9432,12,Semi-Skilled Manual Workers,Pulp mill machine operators,,,,,,,,,,
9433,12,Semi-Skilled Manual Workers,Papermaking and finishing machine operators,,,,,,,,,,
9434,12,Semi-Skilled Manual Workers,Other wood processing machine operators,,,,,,,,,,
9435,12,Semi-Skilled Manual Workers,Paper converting machine operators,,,,,,,,,,
9436,12,Semi-Skilled Manual Workers,Lumber graders and other wood processing inspectors and graders,,,,,,,,,,
9437,12,Semi-Skilled Manual Workers,Woodworking machine operators,,,,,,,,,,
9441,12,Semi-Skilled Manual Workers,"Textile fibre and yarn, hide and pelt processing machine operators and workers",,,,,,,,,,
9442,12,Semi-Skilled Manual Workers,"Weavers, knitters and other fabric making occupations",,,,,,,,,,
9445,12,Semi-Skilled Manual Workers,"Fabric, fur and leather cutters",,,,,,,,,,
9446,12,Semi-Skilled Manual Workers,Industrial sewing machine operators,,,,,,,,,,
9447,12,Semi-Skilled Manual Workers,"Inspectors and graders, textile, fabric, fur and leather products manufacturing",,,,,,,,,,
9461,12,Semi-Skilled Manual Workers,"Process control and machine operators, food, beverage and associated products processing",,,,,,,,,,
9462,12,Semi-Skilled Manual Workers,"Industrial butchers and meat cutters, poultry preparers and related workers",,,,,,,,,,
9463,12,Semi-Skilled Manual Workers,Fish and seafood plant workers,,,,,,,,,,
9465,12,Semi-Skilled Manual Workers,"Testers and graders, food, beverage and associated products processing",,,,,,,,,,
9471,12,Semi-Skilled Manual Workers,Plateless printing equipment operators,,,,,,,,,,
9472,12,Semi-Skilled Manual Workers,"Camera, platemaking and other prepress occupations",,,,,,,,,,
9473,12,Semi-Skilled Manual Workers,Binding and finishing machine operators,,,,,,,,,,
9474,12,Semi-Skilled Manual Workers,Photographic and film processors,,,,,,,,,,
9521,12,Semi-Skilled Manual Workers,Aircraft assemblers and aircraft assembly inspectors,,,,,,,,,,
9522,12,Semi-Skilled Manual Workers,"Motor vehicle assemblers, inspectors and testers",,,,,,,,,,
9523,12,Semi-Skilled Manual Workers,"Electronics assemblers, fabricators, inspectors and testers",,,,,,,,,,
9524,12,Semi-Skilled Manual Workers,"Assemblers and inspectors, electrical appliance, apparatus and equipment manufacturing",,,,,,,,,,
9525,12,Semi-Skilled Manual Workers,"Assemblers, fabricators and inspectors, industrial electrical motors and transformers",,,,,,,,,,
9526,12,Semi-Skilled Manual Workers,Mechanical assemblers and inspectors,,,,,,,,,,
9527,12,Semi-Skilled Manual Workers,"Machine operators and inspectors, electrical apparatus manufacturing",,,,,,,,,,
9531,12,Semi-Skilled Manual Workers,Boat assemblers and inspectors,,,,,,,,,,
9532,12,Semi-Skilled Manual Workers,Furniture and fixture assemblers and inspectors,,,,,,,,,,
9533,12,Semi-Skilled Manual Workers,Other wood products assemblers and inspectors,,,,,,,,,,
9534,12,Semi-Skilled Manual Workers,Furniture finishers and refinishers,,,,,,,,,,
9535,12,Semi-Skilled Manual Workers,"Plastic products assemblers, finishers and inspectors",,,,,,,,,,
9536,12,Semi-Skilled Manual Workers,"Industrial painters, coaters and metal finishing process operators",,,,,,,,,,
9537,12,Semi-Skilled Manual Workers,"Other products assemblers, finishers and inspectors",,,,,,,,,,
6611,13,Other Sales and Service Personnel,Cashiers,,,,,,,,,,
6621,13,Other Sales and Service Personnel,Service station attendants,,,,,,,,,,
6622,13,Other Sales and Service Personnel,"Store shelf stockers, clerks and order fillers",,,,,,,,,,
6623,13,Other Sales and Service Personnel,Other sales related occupations,,,,,,,,,,
6711,13,Other Sales and Service Personnel,"Food counter attendants, kitchen helpers and related support occupations",,,,,,,,,,
6721,13,Other Sales and Service Personnel,"Support occupations in accommodation, travel and facilities set-up services",,,,,,,,,,
6722,13,Other Sales and Service Personnel,"Operators and attendants in amusement, recreation and sport",,,,,,,,,,
6731,13,Other Sales and Service Personnel,Light duty cleaners,,,,,,,,,,
6732,13,Other Sales and Service Personnel,Specialized cleaners,,,,,,,,,,
6733,13,Other Sales and Service Personnel,"Janitors, caretakers and building superintendents",,,,,,,,,,
6741,13,Other Sales and Service Personnel,"Dry cleaning, laundry and related occupations",,,,,,,,,,
6742,13,Other Sales and Service Personnel,"Other service support occupations, n.e.c. Footnote 2  ",,,,,,,,,,
7611,14,Other Manual Workers,Construction trades helpers and labourers,,,,,,,,,,
7612,14,Other Manual Workers,Other trades helpers and labourers,,,,,,,,,,
7621,14,Other Manual Workers,Public works and maintenance labourers,,,,,,,,,,
7622,14,Other Manual Workers,Railway and motor transport labourers,,,,,,,,,,
8611,14,Other Manual Workers,Harvesting labourers,,,,,,,,,,
8612,14,Other Manual Workers,Landscaping and grounds maintenance labourers,,,,,,,,,,
8613,14,Other Manual Workers,Aquaculture and marine harvest labourers,,,,,,,,,,
8614,14,Other Manual Workers,Mine labourers,,,,,,,,,,
8615,14,Other Manual Workers,"Oil and gas drilling, servicing and related labourers",,,,,,,,,,
8616,14,Other Manual Workers,Logging and forestry labourers,,,,,,,,,,
9611,14,Other Manual Workers,Labourers in mineral and metal processing,,,,,,,,,,
9612,14,Other Manual Workers,Labourers in metal fabrication,,,,,,,,,,
9613,14,Other Manual Workers,Labourers in chemical products processing and utilities,,,,,,,,,,
9614,14,Other Manual Workers,"Labourers in wood, pulp and paper processing",,,,,,,,,,
9615,14,Other Manual Workers,Labourers in rubber and plastic products manufacturing,,,,,,,,,,
9616,14,Other Manual Workers,Labourers in textile processing,,,,,,,,,,
9617,14,Other Manual Workers,"Labourers in food, beverage and associated products processing",,,,,,,,,,
9618,14,Other Manual Workers,Labourers in fish and seafood processing,,,,,,,,,,
9619,14,Other Manual Workers,"Other labourers in processing, manufacturing and utilities",,,,,,,,,,
"Note: For more information on the EEOGs and their corresponding 2016 NOC codes, please see Appendix C and D of the 2016 Employment Equity Data Report.",,,,,,,,,,,,,
